mode,metric,fun,threshold,stat,var1,var2,pearson,spearman
walk,bfca,gaussian,15,ac_mean,abs,rel,0.2342684423202373,0.34135338345864663
walk,bfca,gaussian,15,ac_mean,abs,population,0.565796015286623,0.4255639097744361
walk,bfca,gaussian,15,ac_mean,abs,jobs,0.6439481997093665,0.6526315789473683
walk,bfca,gaussian,15,ac_mean,abs,ratio,0.7757160548187247,0.8330827067669173
walk,bfca,gaussian,15,ac_mean,rel,population,-0.4972042672402005,-0.5909774436090226
walk,bfca,gaussian,15,ac_mean,rel,jobs,-0.43103985390289296,-0.3774436090225564
walk,bfca,gaussian,15,ac_mean,rel,ratio,0.15512098499186058,0.22406015037593985
walk,bfca,gaussian,15,wt_mean,abs,rel,0.4659282894089978,0.3879699248120301
walk,bfca,gaussian,15,wt_mean,abs,population,0.2579936960455837,0.18345864661654138
walk,bfca,gaussian,15,wt_mean,abs,jobs,0.35424700681968085,0.4345864661654136
walk,bfca,gaussian,15,wt_mean,abs,ratio,0.7656507625831473,0.7984962406015037
walk,bfca,gaussian,15,wt_mean,rel,population,-0.4939944224406599,-0.712781954887218
walk,bfca,gaussian,15,wt_mean,rel,jobs,-0.42695839521202633,-0.5593984962406015
walk,bfca,gaussian,15,wt_mean,rel,ratio,0.07371036414668393,0.09323308270676692
walk,bfca,gaussian,15,ac_median,abs,rel,0.45471587991993107,0.4150375939849624
walk,bfca,gaussian,15,ac_median,abs,population,0.22673548559395215,0.18195488721804512
walk,bfca,gaussian,15,ac_median,abs,jobs,0.30347454874616164,0.4180451127819549
walk,bfca,gaussian,15,ac_median,abs,ratio,0.6622007731868956,0.6721804511278195
walk,bfca,gaussian,15,ac_median,rel,population,-0.49478406288664567,-0.706766917293233
walk,bfca,gaussian,15,ac_median,rel,jobs,-0.43974335127943287,-0.5518796992481203
walk,bfca,gaussian,15,ac_median,rel,ratio,-0.03301377927400884,-0.022556390977443608
walk,bfca,gaussian,15,wt_median,abs,rel,0.37699707358892026,0.28872180451127816
walk,bfca,gaussian,15,wt_median,abs,population,0.1223281340362336,0.17142857142857143
walk,bfca,gaussian,15,wt_median,abs,jobs,0.20911999979427828,0.3969924812030075
walk,bfca,gaussian,15,wt_median,abs,ratio,0.7077034689875408,0.7203007518796992
walk,bfca,gaussian,15,wt_median,rel,population,-0.5688865194804441,-0.7398496240601504
walk,bfca,gaussian,15,wt_median,rel,jobs,-0.5193105474597162,-0.6676691729323309
walk,bfca,gaussian,15,wt_median,rel,ratio,-0.18164020460605693,-0.1293233082706767
walk,2sfca,gaussian,15,ac_mean,abs,rel,-0.020412530692011214,-0.2721804511278196
walk,2sfca,gaussian,15,ac_mean,abs,population,0.5001694684617929,0.5263157894736843
walk,2sfca,gaussian,15,ac_mean,abs,jobs,0.5624621448037879,0.6857142857142857
walk,2sfca,gaussian,15,ac_mean,abs,ratio,0.7215827598805111,0.7308270676691729
walk,2sfca,gaussian,15,ac_mean,rel,population,-0.6322785828796404,-0.8706766917293233
walk,2sfca,gaussian,15,ac_mean,rel,jobs,-0.6005251821550239,-0.8556390977443609
walk,2sfca,gaussian,15,ac_mean,rel,ratio,-0.2866221405611619,-0.42406015037593986
walk,bfca,gaussian,30,ac_mean,abs,rel,0.18410329634386663,0.31879699248120297
walk,bfca,gaussian,30,ac_mean,abs,population,0.5957551196291627,0.47518796992481205
walk,bfca,gaussian,30,ac_mean,abs,jobs,0.6741005766616992,0.6962406015037594
walk,bfca,gaussian,30,ac_mean,abs,ratio,0.7936227466844414,0.8360902255639098
walk,bfca,gaussian,30,ac_mean,rel,population,-0.5140049268687322,-0.5714285714285714
walk,bfca,gaussian,30,ac_mean,rel,jobs,-0.4425098426291351,-0.36541353383458647
walk,bfca,gaussian,30,ac_mean,rel,ratio,0.19110454676719146,0.23308270676691728
walk,bfca,gaussian,45,ac_mean,abs,rel,0.18139978371581078,0.32781954887218046
walk,bfca,gaussian,45,ac_mean,abs,population,0.6004206199702222,0.487218045112782
walk,bfca,gaussian,45,ac_mean,abs,jobs,0.677878378425071,0.706766917293233
walk,bfca,gaussian,45,ac_mean,abs,ratio,0.7973596112519371,0.8451127819548871
walk,bfca,gaussian,45,ac_mean,rel,population,-0.5148970118941145,-0.5639097744360902
walk,bfca,gaussian,45,ac_mean,rel,jobs,-0.44256233471342155,-0.3398496240601504
walk,bfca,gaussian,45,ac_mean,rel,ratio,0.20343517968031097,0.2646616541353384
walk,bfca,gaussian,60,ac_mean,abs,rel,0.18161017250946923,0.32781954887218046
walk,bfca,gaussian,60,ac_mean,abs,population,0.6017696540858755,0.487218045112782
walk,bfca,gaussian,60,ac_mean,abs,jobs,0.6788178967905524,0.706766917293233
walk,bfca,gaussian,60,ac_mean,abs,ratio,0.7986475944184468,0.8451127819548871
walk,bfca,gaussian,60,ac_mean,rel,population,-0.5146870376914291,-0.5639097744360902
walk,bfca,gaussian,60,ac_mean,rel,jobs,-0.44210196496904414,-0.3398496240601504
walk,bfca,gaussian,60,ac_mean,rel,ratio,0.20842376156589745,0.2646616541353384
walk,cumulative,binary,60,wt_mean,abs,rel,-0.34126638145515026,-0.29774436090225564
walk,cumulative,binary,60,wt_mean,abs,population,0.7062833605531482,0.6015037593984963
walk,cumulative,binary,60,wt_mean,abs,jobs,0.7386766541041332,0.7022556390977444
walk,cumulative,binary,60,wt_mean,abs,ratio,0.6214052984982013,0.6225563909774436
walk,cumulative,binary,60,wt_mean,rel,population,-0.63385571887048,-0.7789473684210526
walk,cumulative,binary,60,wt_mean,rel,jobs,-0.6297340167716056,-0.8225563909774436
walk,cumulative,binary,60,wt_mean,rel,ratio,-0.5488456502727513,-0.48120300751879697
walk,bfca,binary,60,ac_mean,abs,rel,0.1865119143286846,0.3443609022556391
walk,bfca,binary,60,ac_mean,abs,population,0.6022677177267087,0.4917293233082706
walk,bfca,binary,60,ac_mean,abs,jobs,0.6787532191690104,0.7172932330827068
walk,bfca,binary,60,ac_mean,abs,ratio,0.8026147799785094,0.8556390977443609
walk,bfca,binary,60,ac_mean,rel,population,-0.5130628696910867,-0.5398496240601504
walk,bfca,binary,60,ac_mean,rel,jobs,-0.4395971455557291,-0.3142857142857143
walk,bfca,binary,60,ac_mean,rel,ratio,0.2246069438760698,0.26766917293233083
walk,cumulative,binary,60,ac_mean,abs,rel,-0.21258876819205,-0.01654135338345865
walk,cumulative,binary,60,ac_mean,abs,population,0.7363362074920153,0.5684210526315789
walk,cumulative,binary,60,ac_mean,abs,jobs,0.7721636064158109,0.6616541353383459
walk,cumulative,binary,60,ac_mean,abs,ratio,0.5866660853282168,0.5578947368421053
walk,cumulative,binary,60,ac_mean,rel,population,-0.6092500512988154,-0.675187969924812
walk,cumulative,binary,60,ac_mean,rel,jobs,-0.5927261627724283,-0.6812030075187969
walk,cumulative,binary,60,ac_mean,rel,ratio,-0.3964092981425732,-0.4180451127819549
walk,gravity,gaussian,60,wt_mean,abs,rel,-0.34417704091411166,-0.29774436090225564
walk,gravity,gaussian,60,wt_mean,abs,population,0.7063990788169096,0.6015037593984963
walk,gravity,gaussian,60,wt_mean,abs,jobs,0.7388287221616127,0.7022556390977444
walk,gravity,gaussian,60,wt_mean,abs,ratio,0.6215827417216326,0.6225563909774436
walk,gravity,gaussian,60,wt_mean,rel,population,-0.6335077006315271,-0.7789473684210526
walk,gravity,gaussian,60,wt_mean,rel,jobs,-0.629437654437111,-0.8225563909774436
walk,gravity,gaussian,60,wt_mean,rel,ratio,-0.5521316955196099,-0.48120300751879697
walk,gravity,gaussian,60,ac_mean,abs,rel,-0.21386569985850856,-0.03759398496240602
walk,gravity,gaussian,60,ac_mean,abs,population,0.7365725568482485,0.5684210526315789
walk,gravity,gaussian,60,ac_mean,abs,jobs,0.7720030472197982,0.6616541353383459
walk,gravity,gaussian,60,ac_mean,abs,ratio,0.5852522821084549,0.5578947368421053
walk,gravity,gaussian,60,ac_mean,rel,population,-0.6082587736469259,-0.6887218045112782
walk,gravity,gaussian,60,ac_mean,rel,jobs,-0.5921965500376459,-0.6992481203007519
walk,gravity,gaussian,60,ac_mean,rel,ratio,-0.400617851615156,-0.43157894736842106
walk,gravity,gaussian,45,wt_mean,abs,rel,-0.3453567611971042,-0.2992481203007519
walk,gravity,gaussian,45,wt_mean,abs,population,0.7055993933122546,0.5909774436090226
walk,gravity,gaussian,45,wt_mean,abs,jobs,0.7381083183948228,0.6992481203007519
walk,gravity,gaussian,45,wt_mean,abs,ratio,0.6225470956509193,0.6345864661654135
walk,gravity,gaussian,45,wt_mean,rel,population,-0.633198164344127,-0.7819548872180451
walk,gravity,gaussian,45,wt_mean,rel,jobs,-0.6289724151251191,-0.82556390977443606
walk,gravity,gaussian,45,wt_mean,rel,ratio,-0.552999023937228,-0.4781954887218045
walk,gravity,gaussian,45,ac_mean,abs,rel,-0.2103946695749882,-0.04360902255639098
walk,gravity,gaussian,45,ac_mean,abs,population,0.7349835963971993,0.5654135338345865
walk,gravity,gaussian,45,ac_mean,abs,jobs,0.7700627286214967,0.6631578947368421
walk,gravity,gaussian,45,ac_mean,abs,ratio,0.5841751413051399,0.5593984962406015
walk,gravity,gaussian,45,ac_mean,rel,population,-0.606550940604763,-0.6887218045112782
walk,gravity,gaussian,45,ac_mean,rel,jobs,-0.5907542147159167,-0.6992481203007519
walk,gravity,gaussian,45,ac_mean,rel,ratio,-0.4013064516354774,-0.43157894736842106
walk,cumulative,binary,45,wt_mean,abs,rel,-0.3461050865872143,-0.3082706766917293
walk,cumulative,binary,45,wt_mean,abs,population,0.702451556492612,0.6
walk,cumulative,binary,45,wt_mean,abs,jobs,0.7348253062090239,0.7052631578947369
walk,cumulative,binary,45,wt_mean,abs,ratio,0.6208204240155508,0.6285714285714286
walk,cumulative,binary,45,wt_mean,rel,population,-0.6282132701376882,-0.7759398496240602
walk,cumulative,binary,45,wt_mean,rel,jobs,-0.6242406829364121,-0.8345864661654135
walk,cumulative,binary,45,wt_mean,rel,ratio,-0.5627419708450598,-0.49774436090225566
walk,2sfca,gaussian,15,wt_mean,abs,rel,0.11076738174925801,0.10075187969924812
walk,2sfca,gaussian,15,wt_mean,abs,population,0.27948621770750137,0.15639097744360902
walk,2sfca,gaussian,15,wt_mean,abs,jobs,0.3790815208592608,0.4330827067669173
walk,2sfca,gaussian,15,wt_mean,abs,ratio,0.817017489951852,0.806015037593985
walk,2sfca,gaussian,15,wt_mean,rel,population,-0.6273216603164814,-0.8781954887218045
walk,2sfca,gaussian,15,wt_mean,rel,jobs,-0.5783082563619267,-0.768421052631579
walk,2sfca,gaussian,15,wt_mean,rel,ratio,-0.2443966886087533,-0.18045112781954886
walk,cumulative,binary,60,wt_median,abs,rel,-0.13456766882542714,-0.13834586466165413
walk,cumulative,binary,60,wt_median,abs,population,0.5664441911444582,0.6857142857142857
walk,cumulative,binary,60,wt_median,abs,jobs,0.5686361246577976,0.6736842105263158
walk,cumulative,binary,60,wt_median,abs,ratio,0.43609302483103274,0.4345864661654136
walk,cumulative,binary,60,wt_median,rel,population,-0.5346466392497846,-0.5984962406015037
walk,cumulative,binary,60,wt_median,rel,jobs,-0.5514105259636449,-0.7624060150375941
walk,cumulative,binary,60,wt_median,rel,ratio,-0.6598357083031146,-0.6135338345864662
walk,2sfca,gaussian,15,ac_median,abs,rel,0.20968160105894854,0.13082706766917293
walk,2sfca,gaussian,15,ac_median,abs,population,0.09494078993795635,0.05714285714285714
walk,2sfca,gaussian,15,ac_median,abs,jobs,0.1840198240741535,0.33834586466165417
walk,2sfca,gaussian,15,ac_median,abs,ratio,0.7257356167124822,0.7443609022556391
walk,2sfca,gaussian,15,ac_median,rel,population,-0.6234748802751391,-0.9037593984962407
walk,2sfca,gaussian,15,ac_median,rel,jobs,-0.5813152819088622,-0.837593984962406
walk,2sfca,gaussian,15,ac_median,rel,ratio,-0.2936133888926814,-0.32481203007518794
walk,cumulative,binary,45,ac_mean,abs,rel,-0.20428754353242684,-0.03759398496240602
walk,cumulative,binary,45,ac_mean,abs,population,0.726364205362158,0.5669172932330827
walk,cumulative,binary,45,ac_mean,abs,jobs,0.7603431686321627,0.6556390977443609
walk,cumulative,binary,45,ac_mean,abs,ratio,0.5784285935715451,0.5323308270676692
walk,cumulative,binary,45,ac_mean,rel,population,-0.6040287667006615,-0.6887218045112782
walk,cumulative,binary,45,ac_mean,rel,jobs,-0.5900179564620268,-0.706766917293233
walk,cumulative,binary,45,ac_mean,rel,ratio,-0.41687068381737635,-0.45413533834586467
walk,cumulative,binary,60,ac_median,abs,rel,0.06531102613475599,0.15939849624060148
walk,cumulative,binary,60,ac_median,abs,population,0.6504179044206997,0.49774436090225566
walk,cumulative,binary,60,ac_median,abs,jobs,0.6717376125730594,0.556390977443609
walk,cumulative,binary,60,ac_median,abs,ratio,0.4486725193775553,0.40150375939849625
walk,cumulative,binary,60,ac_median,rel,population,-0.49931242532316916,-0.5774436090225563
walk,cumulative,binary,60,ac_median,rel,jobs,-0.4966619728557251,-0.6541353383458647
walk,cumulative,binary,60,ac_median,rel,ratio,-0.43363783374187587,-0.5323308270676692
walk,gravity,gaussian,30,wt_mean,abs,rel,-0.34734058088697767,-0.2902255639097744
walk,gravity,gaussian,30,wt_mean,abs,population,0.7031271004313007,0.6
walk,gravity,gaussian,30,wt_mean,abs,jobs,0.7359048640462353,0.7052631578947369
walk,gravity,gaussian,30,wt_mean,abs,ratio,0.6255495009404749,0.6285714285714286
walk,gravity,gaussian,30,wt_mean,rel,population,-0.6322045812449071,-0.7744360902255639
walk,gravity,gaussian,30,wt_mean,rel,jobs,-0.6274612260153849,-0.8225563909774436
walk,gravity,gaussian,30,wt_mean,rel,ratio,-0.5541029105093247,-0.48120300751879697
walk,gravity,gaussian,60,wt_median,abs,rel,-0.1386206811766185,-0.15037593984962408
walk,gravity,gaussian,60,wt_median,abs,population,0.5707649402325009,0.7007518796992481
walk,gravity,gaussian,60,wt_median,abs,jobs,0.5719534973680327,0.675187969924812
walk,gravity,gaussian,60,wt_median,abs,ratio,0.42956072088563274,0.4030075187969925
walk,gravity,gaussian,60,wt_median,rel,population,-0.5387500604538606,-0.6060150375939849
walk,gravity,gaussian,60,wt_median,rel,jobs,-0.5556301979656179,-0.7744360902255639
walk,gravity,gaussian,60,wt_median,rel,ratio,-0.6646229440839375,-0.6390977443609023
walk,gravity,gaussian,30,ac_mean,abs,rel,-0.20080334035538436,-0.042105263157894736
walk,gravity,gaussian,30,ac_mean,abs,population,0.7306710982740412,0.5744360902255639
walk,gravity,gaussian,30,ac_mean,abs,jobs,0.7647378273646128,0.6676691729323309
walk,gravity,gaussian,30,ac_mean,abs,ratio,0.5809743730820558,0.5488721804511277
walk,gravity,gaussian,30,ac_mean,rel,population,-0.6019062240891739,-0.6781954887218045
walk,gravity,gaussian,30,ac_mean,rel,jobs,-0.5868279696064966,-0.693233082706767
walk,gravity,gaussian,30,ac_mean,rel,ratio,-0.4032019851331198,-0.43909774436090226
walk,gravity,gaussian,45,wt_median,abs,rel,-0.14968441620364234,-0.14887218045112782
walk,gravity,gaussian,45,wt_median,abs,population,0.5717113997610829,0.7007518796992481
walk,gravity,gaussian,45,wt_median,abs,jobs,0.5729880247114841,0.675187969924812
walk,gravity,gaussian,45,wt_median,abs,ratio,0.4299967437729436,0.4030075187969925
walk,gravity,gaussian,45,wt_median,rel,population,-0.5463330140466145,-0.6
walk,gravity,gaussian,45,wt_median,rel,jobs,-0.5628215242398145,-0.7699248120300751
walk,gravity,gaussian,45,wt_median,rel,ratio,-0.6680873392073414,-0.631578947368421
walk,gravity,gaussian,60,ac_median,abs,rel,0.05050598696187233,0.11729323308270678
walk,gravity,gaussian,60,ac_median,abs,population,0.6576209208443529,0.5112781954887218
walk,gravity,gaussian,60,ac_median,abs,jobs,0.6787390595670266,0.5639097744360902
walk,gravity,gaussian,60,ac_median,abs,ratio,0.449613862192975,0.3894736842105263
walk,gravity,gaussian,60,ac_median,rel,population,-0.5044587202177891,-0.6015037593984963
walk,gravity,gaussian,60,ac_median,rel,jobs,-0.5014533054960169,-0.687218045112782
walk,gravity,gaussian,60,ac_median,rel,ratio,-0.43307093688711723,-0.5654135338345865
walk,bfca,gaussian,30,wt_mean,abs,rel,0.4618886236000713,0.38345864661654133
walk,bfca,gaussian,30,wt_mean,abs,population,0.26048258747197267,0.16090225563909774
walk,bfca,gaussian,30,wt_mean,abs,jobs,0.3577679073075451,0.4330827067669173
walk,bfca,gaussian,30,wt_mean,abs,ratio,0.7773379251666959,0.8150375939849624
walk,bfca,gaussian,30,wt_mean,rel,population,-0.49874144986989805,-0.724812030075188
walk,bfca,gaussian,30,wt_mean,rel,jobs,-0.4298319163207373,-0.5593984962406015
walk,bfca,gaussian,30,wt_mean,rel,ratio,0.08611312027101081,0.10827067669172932
walk,gravity,gaussian,45,ac_median,abs,rel,0.03943364741540635,0.11729323308270678
walk,gravity,gaussian,45,ac_median,abs,population,0.6625863198104155,0.5112781954887218
walk,gravity,gaussian,45,ac_median,abs,jobs,0.6825843616305733,0.5639097744360902
walk,gravity,gaussian,45,ac_median,abs,ratio,0.4458355674378537,0.3894736842105263
walk,gravity,gaussian,45,ac_median,rel,population,-0.5084924271222293,-0.6015037593984963
walk,gravity,gaussian,45,ac_median,rel,jobs,-0.5064433344274865,-0.687218045112782
walk,gravity,gaussian,45,ac_median,rel,ratio,-0.44290225858563903,-0.5654135338345865
walk,cumulative,binary,45,wt_median,abs,rel,-0.18384869631473935,-0.15037593984962408
walk,cumulative,binary,45,wt_median,abs,population,0.5954100452907377,0.6571428571428571
walk,cumulative,binary,45,wt_median,abs,jobs,0.5957896981052128,0.6330827067669174
walk,cumulative,binary,45,wt_median,abs,ratio,0.4294805028592749,0.36541353383458647
walk,cumulative,binary,45,wt_median,rel,population,-0.5723316576193741,-0.6721804511278195
walk,cumulative,binary,45,wt_median,rel,jobs,-0.5871970130038521,-0.8165413533834586
walk,cumulative,binary,45,wt_median,rel,ratio,-0.666926170807341,-0.6330827067669174
walk,bfca,binary,45,ac_mean,abs,rel,0.24463143121491218,0.22857142857142856
walk,bfca,binary,45,ac_mean,abs,population,0.5671435120880203,0.5684210526315789
walk,bfca,binary,45,ac_mean,abs,jobs,0.6387935664012426,0.7699248120300751
walk,bfca,binary,45,ac_mean,abs,ratio,0.8195397455441991,0.8390977443609022
walk,bfca,binary,45,ac_mean,rel,population,-0.5055517821317612,-0.5443609022556392
walk,bfca,binary,45,ac_mean,rel,jobs,-0.4343704809146703,-0.32781954887218046
walk,bfca,binary,45,ac_mean,rel,ratio,0.23988025788268474,0.23308270676691728
walk,bfca,gaussian,45,wt_mean,abs,rel,0.45897023393431424,0.38345864661654133
walk,bfca,gaussian,45,wt_mean,abs,population,0.26015093760686175,0.16090225563909774
walk,bfca,gaussian,45,wt_mean,abs,jobs,0.3576080392734956,0.4330827067669173
walk,bfca,gaussian,45,wt_mean,abs,ratio,0.7793888727115795,0.8150375939849624
walk,bfca,gaussian,45,wt_mean,rel,population,-0.5009752982921496,-0.724812030075188
walk,bfca,gaussian,45,wt_mean,rel,jobs,-0.43192202506482313,-0.5593984962406015
walk,bfca,gaussian,45,wt_mean,rel,ratio,0.0847317822604221,0.10827067669172932
walk,cumulative,binary,45,ac_median,abs,rel,0.004297752073507682,0.09172932330827069
walk,cumulative,binary,45,ac_median,abs,population,0.6846580388104623,0.5578947368421053
walk,cumulative,binary,45,ac_median,abs,jobs,0.703666156147423,0.58796992481203
walk,cumulative,binary,45,ac_median,abs,ratio,0.4362382205537236,0.35789473684210527
walk,cumulative,binary,45,ac_median,rel,population,-0.5241826591484275,-0.6150375939849624
walk,cumulative,binary,45,ac_median,rel,jobs,-0.5229009182696428,-0.6857142857142857
walk,cumulative,binary,45,ac_median,rel,ratio,-0.4576335496349414,-0.562406015037594
walk,cumulative,binary,30,wt_mean,abs,rel,-0.3423242462363956,-0.27669172932330827
walk,cumulative,binary,30,wt_mean,abs,population,0.6943276182706274,0.6075187969924812
walk,cumulative,binary,30,wt_mean,abs,jobs,0.7286165677833052,0.7022556390977444
walk,cumulative,binary,30,wt_mean,abs,ratio,0.6351050025935072,0.6180451127819548
walk,cumulative,binary,30,wt_mean,rel,population,-0.6269453813647806,-0.7729323308270677
walk,cumulative,binary,30,wt_mean,rel,jobs,-0.6201158824239716,-0.8300751879699249
walk,cumulative,binary,30,wt_mean,rel,ratio,-0.5515519456061742,-0.49774436090225566
walk,2sfca,gaussian,15,wt_median,abs,rel,0.12629061163160785,0.08872180451127819
walk,2sfca,gaussian,15,wt_median,abs,population,0.08808963398170457,0.21052631578947367
walk,2sfca,gaussian,15,wt_median,abs,jobs,0.17583860198104248,0.4345864661654136
walk,2sfca,gaussian,15,wt_median,abs,ratio,0.7266495684945918,0.768421052631579
walk,2sfca,gaussian,15,wt_median,rel,population,-0.6259132929155198,-0.8315789473684211
walk,2sfca,gaussian,15,wt_median,rel,jobs,-0.5937448293830233,-0.78796992481203
walk,2sfca,gaussian,15,wt_median,rel,ratio,-0.4022169099971507,-0.30075187969924816
walk,bfca,gaussian,60,wt_mean,abs,rel,0.4580136390989112,0.38345864661654133
walk,bfca,gaussian,60,wt_mean,abs,population,0.25999768153896813,0.16090225563909774
walk,bfca,gaussian,60,wt_mean,abs,jobs,0.35750218625861946,0.4330827067669173
walk,bfca,gaussian,60,wt_mean,abs,ratio,0.7800186854579765,0.8150375939849624
walk,bfca,gaussian,60,wt_mean,rel,population,-0.5016749554820772,-0.724812030075188
walk,bfca,gaussian,60,wt_mean,rel,jobs,-0.4325916303160579,-0.5593984962406015
walk,bfca,gaussian,60,wt_mean,rel,ratio,0.08415765987177252,0.10827067669172932
walk,bfca,binary,60,wt_mean,abs,rel,0.4565008015843602,0.38345864661654133
walk,bfca,binary,60,wt_mean,abs,population,0.25815227250309064,0.16090225563909774
walk,bfca,binary,60,wt_mean,abs,jobs,0.35601897094750623,0.4330827067669173
walk,bfca,binary,60,wt_mean,abs,ratio,0.7830703343230583,0.8150375939849624
walk,bfca,binary,60,wt_mean,rel,population,-0.503875507368224,-0.724812030075188
walk,bfca,binary,60,wt_mean,rel,jobs,-0.4345510733776179,-0.5593984962406015
walk,bfca,binary,60,wt_mean,rel,ratio,0.08467615462826192,0.10827067669172932
walk,gravity,gaussian,30,wt_median,abs,rel,-0.21178804134592635,-0.13533834586466165
walk,gravity,gaussian,30,wt_median,abs,population,0.6040731714998201,0.6766917293233083
walk,gravity,gaussian,30,wt_median,abs,jobs,0.6031431326850674,0.6451127819548872
walk,gravity,gaussian,30,wt_median,abs,ratio,0.4259768815571976,0.37142857142857144
walk,gravity,gaussian,30,wt_median,rel,population,-0.5615663054414469,-0.6270676691729323
walk,gravity,gaussian,30,wt_median,rel,jobs,-0.578902396341935,-0.7894736842105263
walk,gravity,gaussian,30,wt_median,rel,ratio,-0.6912481508802787,-0.6240601503759399
walk,cumulative,binary,30,ac_mean,abs,rel,-0.20450060992452737,-0.08872180451127819
walk,cumulative,binary,30,ac_mean,abs,population,0.720838281498968,0.5819548872180451
walk,cumulative,binary,30,ac_mean,abs,jobs,0.7524883799988238,0.6812030075187969
walk,cumulative,binary,30,ac_mean,abs,ratio,0.5704931127589228,0.5654135338345865
walk,cumulative,binary,30,ac_mean,rel,population,-0.602388431310454,-0.6902255639097744
walk,cumulative,binary,30,ac_mean,rel,jobs,-0.5905057998265816,-0.7308270676691729
walk,cumulative,binary,30,ac_mean,rel,ratio,-0.43779861879483073,-0.5067669172932331
walk,bfca,gaussian,30,ac_median,abs,rel,0.39823259753805035,0.3037593984962406
walk,bfca,gaussian,30,ac_median,abs,population,0.26240948538394804,0.21052631578947367
walk,bfca,gaussian,30,ac_median,abs,jobs,0.3395295770198941,0.4586466165413534
walk,bfca,gaussian,30,ac_median,abs,ratio,0.6834043453485232,0.7007518796992481
walk,bfca,gaussian,30,ac_median,rel,population,-0.5206207546538839,-0.7473684210526316
walk,bfca,gaussian,30,ac_median,rel,jobs,-0.4634962032704212,-0.6060150375939849
walk,bfca,gaussian,30,ac_median,rel,ratio,-0.04674785370092637,-0.05714285714285714
walk,gravity,gaussian,30,ac_median,abs,rel,0.032359236028299904,0.08872180451127819
walk,gravity,gaussian,30,ac_median,abs,population,0.6705355731692,0.5398496240601504
walk,gravity,gaussian,30,ac_median,abs,jobs,0.6895728629165359,0.5864661654135338
walk,gravity,gaussian,30,ac_median,abs,ratio,0.44328210594408035,0.38345864661654133
walk,gravity,gaussian,30,ac_median,rel,population,-0.510412681675033,-0.6240601503759399
walk,gravity,gaussian,30,ac_median,rel,jobs,-0.5082603308927439,-0.6902255639097744
walk,gravity,gaussian,30,ac_median,rel,ratio,-0.43804800167949626,-0.562406015037594
walk,bfca,gaussian,45,ac_median,abs,rel,0.3829860005986593,0.3037593984962406
walk,bfca,gaussian,45,ac_median,abs,population,0.2740414912692123,0.21052631578947367
walk,bfca,gaussian,45,ac_median,abs,jobs,0.351536626394951,0.4586466165413534
walk,bfca,gaussian,45,ac_median,abs,ratio,0.6866678067345997,0.7007518796992481
walk,bfca,gaussian,45,ac_median,rel,population,-0.5252309676515742,-0.7473684210526316
walk,bfca,gaussian,45,ac_median,rel,jobs,-0.4680561607966222,-0.6060150375939849
walk,bfca,gaussian,45,ac_median,rel,ratio,-0.05501850182529822,-0.05714285714285714
walk,bfca,gaussian,60,ac_median,abs,rel,0.3828854369903489,0.2947368421052632
walk,bfca,gaussian,60,ac_median,abs,population,0.2756400713227213,0.21052631578947367
walk,bfca,gaussian,60,ac_median,abs,jobs,0.35286353424192257,0.4586466165413534
walk,bfca,gaussian,60,ac_median,abs,ratio,0.6856597556595757,0.7007518796992481
walk,bfca,gaussian,60,ac_median,rel,population,-0.5264096206159986,-0.7533834586466165
walk,bfca,gaussian,60,ac_median,rel,jobs,-0.4689924801489095,-0.6135338345864662
walk,bfca,gaussian,60,ac_median,rel,ratio,-0.05358615440559106,-0.0661654135338346
walk,bfca,gaussian,30,wt_median,abs,rel,0.3055901211182388,0.24812030075187969
walk,bfca,gaussian,30,wt_median,abs,population,0.17129753341651796,0.2150375939849624
walk,bfca,gaussian,30,wt_median,abs,jobs,0.25689770595332995,0.4345864661654136
walk,bfca,gaussian,30,wt_median,abs,ratio,0.7134791747996343,0.7082706766917294
walk,bfca,gaussian,30,wt_median,rel,population,-0.563424344877401,-0.7624060150375941
walk,bfca,gaussian,30,wt_median,rel,jobs,-0.5187257463768092,-0.675187969924812
walk,bfca,gaussian,30,wt_median,rel,ratio,-0.23710528807440195,-0.11127819548872181
walk,bfca,binary,60,ac_median,abs,rel,0.3697027574540411,0.2962406015037594
walk,bfca,binary,60,ac_median,abs,population,0.2872994055066949,0.23909774436090225
walk,bfca,binary,60,ac_median,abs,jobs,0.3647023453496748,0.4857142857142857
walk,bfca,binary,60,ac_median,abs,ratio,0.6913090333846864,0.7082706766917294
walk,bfca,binary,60,ac_median,rel,population,-0.5334455185588838,-0.7473684210526316
walk,bfca,binary,60,ac_median,rel,jobs,-0.47497384873585896,-0.5984962406015037
walk,bfca,binary,60,ac_median,rel,ratio,-0.04828165132468548,-0.045112781954887216
walk,gravity,gaussian,15,wt_mean,abs,rel,-0.34187680375294105,-0.25263157894736843
walk,gravity,gaussian,15,wt_mean,abs,population,0.6906639200986768,0.6075187969924812
walk,gravity,gaussian,15,wt_mean,abs,jobs,0.7246017717899282,0.7022556390977444
walk,gravity,gaussian,15,wt_mean,abs,ratio,0.6394548554222846,0.6180451127819548
walk,gravity,gaussian,15,wt_mean,rel,population,-0.6295930095324273,-0.7669172932330827
walk,gravity,gaussian,15,wt_mean,rel,jobs,-0.6221682291763637,-0.81203007518797
walk,gravity,gaussian,15,wt_mean,rel,ratio,-0.5437073708746482,-0.46466165413533833
walk,cumulative,binary,30,wt_median,abs,rel,-0.37838417035942046,-0.3368421052631579
walk,cumulative,binary,30,wt_median,abs,population,0.6678110631890135,0.6917293233082706
walk,cumulative,binary,30,wt_median,abs,jobs,0.6645215998711271,0.687218045112782
walk,cumulative,binary,30,wt_median,abs,ratio,0.45275641886999507,0.4150375939849624
walk,cumulative,binary,30,wt_median,rel,population,-0.6045160468183642,-0.7052631578947369
walk,cumulative,binary,30,wt_median,rel,jobs,-0.6219127149430842,-0.8676691729323308
walk,cumulative,binary,30,wt_median,rel,ratio,-0.7257133039306525,-0.7203007518796992
walk,gravity,gaussian,15,ac_mean,abs,rel,-0.170151285551239,-0.061654135338345864
walk,gravity,gaussian,15,ac_mean,abs,population,0.717647137554125,0.5849624060150376
walk,gravity,gaussian,15,ac_mean,abs,jobs,0.7479570294358172,0.6796992481203008
walk,gravity,gaussian,15,ac_mean,abs,ratio,0.5685376666975493,0.5488721804511277
walk,gravity,gaussian,15,ac_mean,rel,population,-0.5879278945161163,-0.6812030075187969
walk,gravity,gaussian,15,ac_mean,rel,jobs,-0.5749376108724674,-0.7097744360902255
walk,gravity,gaussian,15,ac_mean,rel,ratio,-0.40800659178406623,-0.47518796992481205
walk,cumulative,binary,30,ac_median,abs,rel,-0.014178001873300719,0.09924812030075188
walk,cumulative,binary,30,ac_median,abs,population,0.679231086189808,0.5413533834586466
walk,cumulative,binary,30,ac_median,abs,jobs,0.6991052656681775,0.5699248120300752
walk,cumulative,binary,30,ac_median,abs,ratio,0.44474798588774667,0.356390977443609
walk,cumulative,binary,30,ac_median,rel,population,-0.5386698855168036,-0.6466165413533834
walk,cumulative,binary,30,ac_median,rel,jobs,-0.5368878640360482,-0.6977443609022557
walk,cumulative,binary,30,ac_median,rel,ratio,-0.4653443849525434,-0.5458646616541353
walk,bfca,gaussian,45,wt_median,abs,rel,0.2943852428745609,0.21203007518796993
walk,bfca,gaussian,45,wt_median,abs,population,0.18273999866565524,0.24511278195488723
walk,bfca,gaussian,45,wt_median,abs,jobs,0.2680307445178435,0.46616541353383456
walk,bfca,gaussian,45,wt_median,abs,ratio,0.7186473479051639,0.7263157894736842
walk,bfca,gaussian,45,wt_median,rel,population,-0.5654130216676574,-0.7624060150375941
walk,bfca,gaussian,45,wt_median,rel,jobs,-0.5206820703141082,-0.675187969924812
walk,bfca,gaussian,45,wt_median,rel,ratio,-0.2393852601635451,-0.11127819548872181
walk,bfca,gaussian,60,wt_median,abs,rel,0.2819984221795495,0.19248120300751878
walk,bfca,gaussian,60,wt_median,abs,population,0.19145396826032815,0.26766917293233083
walk,bfca,gaussian,60,wt_median,abs,jobs,0.2765534731386226,0.48270676691729325
walk,bfca,gaussian,60,wt_median,abs,ratio,0.7194504944292036,0.724812030075188
walk,bfca,gaussian,60,wt_median,rel,population,-0.5624411131647783,-0.7624060150375941
walk,bfca,gaussian,60,wt_median,rel,jobs,-0.5188120001727775,-0.675187969924812
walk,bfca,gaussian,60,wt_median,rel,ratio,-0.24905823447188588,-0.11127819548872181
walk,bfca,binary,60,wt_median,abs,rel,0.2809185467575516,0.17894736842105263
walk,bfca,binary,60,wt_median,abs,population,0.193149363220988,0.26315789473684215
walk,bfca,binary,60,wt_median,abs,jobs,0.2790388104204623,0.47368421052631576
walk,bfca,binary,60,wt_median,abs,ratio,0.7258165636158168,0.7353383458646616
walk,bfca,binary,60,wt_median,rel,population,-0.5710290421043795,-0.7714285714285715
walk,bfca,binary,60,wt_median,rel,jobs,-0.5254337868201185,-0.6842105263157894
walk,bfca,binary,60,wt_median,rel,ratio,-0.23899795809853838,-0.1218045112781955
walk,bfca,binary,45,wt_mean,abs,rel,0.4240100409081894,0.35037593984962406
walk,bfca,binary,45,wt_mean,abs,population,0.23423378437683903,0.1518796992481203
walk,bfca,binary,45,wt_mean,abs,jobs,0.33308696196450827,0.4330827067669173
walk,bfca,binary,45,wt_mean,abs,ratio,0.7893858057820234,0.8180451127819549
walk,bfca,binary,45,wt_mean,rel,population,-0.5344301786552906,-0.7428571428571429
walk,bfca,binary,45,wt_mean,rel,jobs,-0.46691374075431835,-0.5774436090225563
walk,bfca,binary,45,wt_mean,rel,ratio,0.03617093214991494,0.09323308270676692
walk,cumulative,binary,15,wt_mean,abs,rel,-0.35904120889240954,-0.34135338345864663
walk,cumulative,binary,15,wt_mean,abs,population,0.6846295924525724,0.5849624060150376
walk,cumulative,binary,15,wt_mean,abs,jobs,0.7204780992914179,0.706766917293233
walk,cumulative,binary,15,wt_mean,abs,ratio,0.666845441102916,0.6812030075187969
walk,cumulative,binary,15,wt_mean,rel,population,-0.6375235610812624,-0.8105263157894737
walk,cumulative,binary,15,wt_mean,rel,jobs,-0.6258999927759736,-0.8571428571428571
walk,cumulative,binary,15,wt_mean,rel,ratio,-0.5270803902753369,-0.4947368421052631
walk,gravity,gaussian,15,wt_median,abs,rel,-0.3649579379991864,-0.32631578947368417
walk,gravity,gaussian,15,wt_median,abs,population,0.6491368726200276,0.7112781954887218
walk,gravity,gaussian,15,wt_median,abs,jobs,0.6446193215867011,0.6962406015037594
walk,gravity,gaussian,15,wt_median,abs,ratio,0.4479293489933004,0.3969924812030075
walk,gravity,gaussian,15,wt_median,rel,population,-0.6039170605586863,-0.693233082706767
walk,gravity,gaussian,15,wt_median,rel,jobs,-0.6215619275228428,-0.8541353383458646
walk,gravity,gaussian,15,wt_median,rel,ratio,-0.722233036740051,-0.7293233082706767
walk,bfca,binary,30,ac_mean,abs,rel,0.3132498313415159,0.19248120300751878
walk,bfca,binary,30,ac_mean,abs,population,0.5280280042461745,0.5939849624060151
walk,bfca,binary,30,ac_mean,abs,jobs,0.5803562412934431,0.7849624060150375
walk,bfca,binary,30,ac_mean,abs,ratio,0.7932884379278232,0.8285714285714286
walk,bfca,binary,30,ac_mean,rel,population,-0.47255058470301226,-0.5338345864661654
walk,bfca,binary,30,ac_mean,rel,jobs,-0.40827401979854544,-0.31729323308270674
walk,bfca,binary,30,ac_mean,rel,ratio,0.24732245655181828,0.24511278195488723
walk,cumulative,binary,15,ac_mean,abs,rel,-0.2647334597854716,-0.24812030075187969
walk,cumulative,binary,15,ac_mean,abs,population,0.7289035212481304,0.5864661654135338
walk,cumulative,binary,15,ac_mean,abs,jobs,0.7579785330357064,0.687218045112782
walk,cumulative,binary,15,ac_mean,abs,ratio,0.5658622933847651,0.5729323308270677
walk,cumulative,binary,15,ac_mean,rel,population,-0.6165406317582223,-0.7443609022556391
walk,cumulative,binary,15,ac_mean,rel,jobs,-0.6083328935828671,-0.8195488721804511
walk,cumulative,binary,15,ac_mean,rel,ratio,-0.49721326379512726,-0.5819548872180451
walk,gravity,gaussian,15,ac_median,abs,rel,0.06908799964059194,0.14436090225563908
walk,gravity,gaussian,15,ac_median,abs,population,0.6642152092285155,0.5218045112781955
walk,gravity,gaussian,15,ac_median,abs,jobs,0.6837976928693502,0.5789473684210527
walk,gravity,gaussian,15,ac_median,abs,ratio,0.4450145989849113,0.4
walk,gravity,gaussian,15,ac_median,rel,population,-0.5004082008326602,-0.6150375939849624
walk,gravity,gaussian,15,ac_median,rel,jobs,-0.496093213353792,-0.6466165413533834
walk,gravity,gaussian,15,ac_median,rel,ratio,-0.39661049440541246,-0.4932330827067669
walk,bfca,binary,45,ac_median,abs,rel,0.30876934132785067,0.3323308270676692
walk,bfca,binary,45,ac_median,abs,population,0.30926948833558593,0.1473684210526316
walk,bfca,binary,45,ac_median,abs,jobs,0.39048268324934576,0.4120300751879699
walk,bfca,binary,45,ac_median,abs,ratio,0.7136727881139372,0.6857142857142857
walk,bfca,binary,45,ac_median,rel,population,-0.5487479939465555,-0.7894736842105263
walk,bfca,binary,45,ac_median,rel,jobs,-0.49155177372876807,-0.6240601503759399
walk,bfca,binary,45,ac_median,rel,ratio,-0.07921145095071182,-0.05112781954887218
walk,bfca,binary,45,wt_median,abs,rel,0.24059810518992558,0.14586466165413534
walk,bfca,binary,45,wt_median,abs,population,0.18734299750925626,0.13834586466165413
walk,bfca,binary,45,wt_median,abs,jobs,0.2765176940592378,0.40150375939849625
walk,bfca,binary,45,wt_median,abs,ratio,0.7399693146275769,0.7639097744360902
walk,bfca,binary,45,wt_median,rel,population,-0.605380379707056,-0.8406015037593986
walk,bfca,binary,45,wt_median,rel,jobs,-0.5573892694401125,-0.7639097744360902
walk,bfca,binary,45,wt_median,rel,ratio,-0.25584822140959007,-0.21353383458646616
walk,cumulative,binary,15,wt_median,abs,rel,-0.4255838118180363,-0.42857142857142855
walk,cumulative,binary,15,wt_median,abs,population,0.6843235156691518,0.6917293233082706
walk,cumulative,binary,15,wt_median,abs,jobs,0.6901161704546829,0.7157894736842105
walk,cumulative,binary,15,wt_median,abs,ratio,0.49719342442158976,0.46466165413533833
walk,cumulative,binary,15,wt_median,rel,population,-0.6243409869427277,-0.7969924812030076
walk,cumulative,binary,15,wt_median,rel,jobs,-0.6362885026140227,-0.9007518796992482
walk,cumulative,binary,15,wt_median,rel,ratio,-0.7024484619515219,-0.6781954887218045
walk,2sfca,gaussian,30,ac_mean,abs,rel,-0.10000893049731131,-0.23308270676691728
walk,2sfca,gaussian,30,ac_mean,abs,population,0.5469963598145998,0.5924812030075188
walk,2sfca,gaussian,30,ac_mean,abs,jobs,0.6085962042807161,0.7578947368421053
walk,2sfca,gaussian,30,ac_mean,abs,ratio,0.7755429270354339,0.7849624060150375
walk,2sfca,gaussian,30,ac_mean,rel,population,-0.6629343318435196,-0.8360902255639098
walk,2sfca,gaussian,30,ac_mean,rel,jobs,-0.6234292056293101,-0.7593984962406015
walk,2sfca,gaussian,30,ac_mean,rel,ratio,-0.20955603658518873,-0.2571428571428571
walk,cumulative,binary,15,ac_median,abs,rel,-0.025141849011030063,0.08872180451127819
walk,cumulative,binary,15,ac_median,abs,population,0.6697673492349677,0.5338345864661654
walk,cumulative,binary,15,ac_median,abs,jobs,0.6935478327855178,0.5849624060150376
walk,cumulative,binary,15,ac_median,abs,ratio,0.4426245624962829,0.3894736842105263
walk,cumulative,binary,15,ac_median,rel,population,-0.5508225072319072,-0.6466165413533834
walk,cumulative,binary,15,ac_median,rel,jobs,-0.5475490384950773,-0.7022556390977444
walk,cumulative,binary,15,ac_median,rel,ratio,-0.46958543664762686,-0.5533834586466165
walk,bfca,binary,30,wt_mean,abs,rel,0.38572578867764096,0.33082706766917297
walk,bfca,binary,30,wt_mean,abs,population,0.21932094044335945,0.1368421052631579
walk,bfca,binary,30,wt_mean,abs,jobs,0.3183658807799147,0.42857142857142855
walk,bfca,binary,30,wt_mean,abs,ratio,0.7956816348524559,0.8225563909774436
walk,bfca,binary,30,wt_mean,rel,population,-0.5597833022957687,-0.768421052631579
walk,bfca,binary,30,wt_mean,rel,jobs,-0.4948762879718037,-0.5954887218045113
walk,bfca,binary,30,wt_mean,rel,ratio,-0.015654281598010043,0.0661654135338346
walk,2sfca,gaussian,45,ac_mean,abs,rel,-0.07956210736881485,-0.2
walk,2sfca,gaussian,45,ac_mean,abs,population,0.5457376098516882,0.6225563909774436
walk,2sfca,gaussian,45,ac_mean,abs,jobs,0.6053971085460524,0.7774436090225564
walk,2sfca,gaussian,45,ac_mean,abs,ratio,0.7792482131580792,0.78796992481203
walk,2sfca,gaussian,45,ac_mean,rel,population,-0.6584782762899363,-0.81203007518797
walk,2sfca,gaussian,45,ac_mean,rel,jobs,-0.6174416642765351,-0.7112781954887218
walk,2sfca,gaussian,45,ac_mean,rel,ratio,-0.1800066101135043,-0.19097744360902255
walk,2sfca,gaussian,60,ac_mean,abs,rel,-0.06928966222161055,-0.2075187969924812
walk,2sfca,gaussian,60,ac_mean,abs,population,0.5446409048173829,0.6225563909774436
walk,2sfca,gaussian,60,ac_mean,abs,jobs,0.6033638311052871,0.7774436090225564
walk,2sfca,gaussian,60,ac_mean,abs,ratio,0.779746130021846,0.78796992481203
walk,2sfca,gaussian,60,ac_mean,rel,population,-0.6556483412021997,-0.8105263157894737
walk,2sfca,gaussian,60,ac_mean,rel,jobs,-0.6141381475880239,-0.7157894736842105
walk,2sfca,gaussian,60,ac_mean,rel,ratio,-0.16855203173284422,-0.2
walk,2sfca,binary,60,ac_mean,abs,rel,-0.045164670849399964,-0.20150375939849624
walk,2sfca,binary,60,ac_mean,abs,population,0.5426730556268655,0.6451127819548872
walk,2sfca,binary,60,ac_mean,abs,jobs,0.5999005561981874,0.7909774436090226
walk,2sfca,binary,60,ac_mean,abs,ratio,0.7805313813458229,0.7774436090225564
walk,2sfca,binary,60,ac_mean,rel,population,-0.6486190832837597,-0.7984962406015037
walk,2sfca,binary,60,ac_mean,rel,jobs,-0.605740657817877,-0.6992481203007519
walk,2sfca,binary,60,ac_mean,rel,ratio,-0.14020677508206345,-0.17443609022556392
walk,bfca,binary,30,ac_median,abs,rel,0.2601104321728076,0.2360902255639098
walk,bfca,binary,30,ac_median,abs,population,0.31965935081519503,0.15338345864661654
walk,bfca,binary,30,ac_median,abs,jobs,0.4022789104545895,0.4195488721804511
walk,bfca,binary,30,ac_median,abs,ratio,0.7196418966538909,0.6962406015037594
walk,bfca,binary,30,ac_median,rel,population,-0.5603070803953235,-0.8601503759398496
walk,bfca,binary,30,ac_median,rel,jobs,-0.5077218910527984,-0.7037593984962406
walk,bfca,binary,30,ac_median,rel,ratio,-0.1352847806912803,-0.13383458646616542
walk,bfca,binary,15,ac_mean,abs,rel,0.29374908401280664,0.31729323308270674
walk,bfca,binary,15,ac_mean,abs,population,0.5169855061522656,0.6255639097744361
walk,bfca,binary,15,ac_mean,abs,jobs,0.5236895025819069,0.7729323308270677
walk,bfca,binary,15,ac_mean,abs,ratio,0.6138259492027941,0.7473684210526316
walk,bfca,binary,15,ac_mean,rel,population,-0.42514198290127336,-0.42857142857142855
walk,bfca,binary,15,ac_mean,rel,jobs,-0.38391403177575556,-0.25413533834586466
walk,bfca,binary,15,ac_mean,rel,ratio,0.15959337110788455,0.25413533834586466
walk,bfca,binary,30,wt_median,abs,rel,0.20588636083985487,0.11278195488721804
walk,bfca,binary,30,wt_median,abs,population,0.17438535488981421,0.15037593984962408
walk,bfca,binary,30,wt_median,abs,jobs,0.26598765238199573,0.4330827067669173
walk,bfca,binary,30,wt_median,abs,ratio,0.7562358407603119,0.8
walk,bfca,binary,30,wt_median,rel,population,-0.6133232783315289,-0.8541353383458646
walk,bfca,binary,30,wt_median,rel,jobs,-0.5659827663872083,-0.7669172932330827
walk,bfca,binary,30,wt_median,rel,ratio,-0.2757023899309662,-0.21203007518796993
walk,2sfca,gaussian,30,wt_mean,abs,rel,0.0749513881365577,0.021052631578947368
walk,2sfca,gaussian,30,wt_mean,abs,population,0.28247418055778745,0.16541353383458648
walk,2sfca,gaussian,30,wt_mean,abs,jobs,0.3838411579436165,0.45263157894736844
walk,2sfca,gaussian,30,wt_mean,abs,ratio,0.8448164554391395,0.8406015037593986
walk,2sfca,gaussian,30,wt_mean,rel,population,-0.6440748084240944,-0.9203007518796992
walk,2sfca,gaussian,30,wt_mean,rel,jobs,-0.5932341797519186,-0.8075187969924812
walk,2sfca,gaussian,30,wt_mean,rel,ratio,-0.2395772783547854,-0.2
walk,2sfca,binary,45,ac_mean,abs,rel,0.06408268484575023,-0.13533834586466165
walk,2sfca,binary,45,ac_mean,abs,population,0.5142350809791786,0.6812030075187969
walk,2sfca,binary,45,ac_mean,abs,jobs,0.5642368371150043,0.8090225563909774
walk,2sfca,binary,45,ac_mean,abs,ratio,0.7607924608440708,0.7533834586466165
walk,2sfca,binary,45,ac_mean,rel,population,-0.6154548220132483,-0.6947368421052631
walk,2sfca,binary,45,ac_mean,rel,jobs,-0.5720607091287102,-0.5984962406015037
walk,2sfca,binary,45,ac_mean,rel,ratio,-0.07723666990125966,-0.12030075187969924
walk,2sfca,gaussian,30,ac_median,abs,rel,0.11299915994369186,0.10075187969924812
walk,2sfca,gaussian,30,ac_median,abs,population,0.11204982889125162,0.05714285714285714
walk,2sfca,gaussian,30,ac_median,abs,jobs,0.20443395823366833,0.34736842105263155
walk,2sfca,gaussian,30,ac_median,abs,ratio,0.7614472165825347,0.7864661654135339
walk,2sfca,gaussian,30,ac_median,rel,population,-0.6427996963088768,-0.930827067669173
walk,2sfca,gaussian,30,ac_median,rel,jobs,-0.6035537803804959,-0.8586466165413534
walk,2sfca,gaussian,30,ac_median,rel,ratio,-0.34876733452730957,-0.33383458646616543
walk,2sfca,gaussian,45,wt_mean,abs,rel,0.06473123466140805,0.015037593984962405
walk,2sfca,gaussian,45,wt_mean,abs,population,0.2801134036583264,0.17443609022556392
walk,2sfca,gaussian,45,wt_mean,abs,jobs,0.3818883996259955,0.4601503759398496
walk,2sfca,gaussian,45,wt_mean,abs,ratio,0.8515669402298225,0.8526315789473684
walk,2sfca,gaussian,45,wt_mean,rel,population,-0.6487304935477681,-0.9203007518796992
walk,2sfca,gaussian,45,wt_mean,rel,jobs,-0.5978600456021607,-0.8075187969924812
walk,2sfca,gaussian,45,wt_mean,rel,ratio,-0.2423739304013478,-0.2
walk,pfca,gaussian,15,ac_mean,abs,rel,0.5333729377493498,0.26315789473684215
walk,pfca,gaussian,15,ac_mean,abs,population,0.29434554537508406,0.3368421052631579
walk,pfca,gaussian,15,ac_mean,abs,jobs,0.34988630232703266,0.562406015037594
walk,pfca,gaussian,15,ac_mean,abs,ratio,0.6242835865493414,0.78796992481203
walk,pfca,gaussian,15,ac_mean,rel,population,-0.453403862881263,-0.6947368421052631
walk,pfca,gaussian,15,ac_mean,rel,jobs,-0.4130376767063415,-0.5609022556390978
walk,pfca,gaussian,15,ac_mean,rel,ratio,-0.02101715100022026,-0.042105263157894736
walk,2sfca,gaussian,30,wt_median,abs,rel,0.039170803600408206,-0.03007518796992481
walk,2sfca,gaussian,30,wt_median,abs,population,0.11361926971482966,0.2180451127819549
walk,2sfca,gaussian,30,wt_median,abs,jobs,0.20237181481527844,0.4496240601503759
walk,2sfca,gaussian,30,wt_median,abs,ratio,0.7460719895217337,0.7759398496240602
walk,2sfca,gaussian,30,wt_median,rel,population,-0.6221604735312221,-0.8857142857142857
walk,2sfca,gaussian,30,wt_median,rel,jobs,-0.594515330290727,-0.8421052631578947
walk,2sfca,gaussian,30,wt_median,rel,ratio,-0.4571338233355872,-0.34887218045112783
walk,2sfca,gaussian,45,ac_median,abs,rel,0.099131816410428,0.10075187969924812
walk,2sfca,gaussian,45,ac_median,abs,population,0.11530692561483077,0.048120300751879695
walk,2sfca,gaussian,45,ac_median,abs,jobs,0.2080747186907099,0.34736842105263155
walk,2sfca,gaussian,45,ac_median,abs,ratio,0.767296982954607,0.8075187969924812
walk,2sfca,gaussian,45,ac_median,rel,population,-0.6459619597634604,-0.930827067669173
walk,2sfca,gaussian,45,ac_median,rel,jobs,-0.6068801556937298,-0.8586466165413534
walk,2sfca,gaussian,45,ac_median,rel,ratio,-0.3537336578539809,-0.33383458646616543
walk,2sfca,binary,30,ac_mean,abs,rel,0.15282730350005258,0.08421052631578947
walk,2sfca,binary,30,ac_mean,abs,population,0.48982970354163663,0.6541353383458647
walk,2sfca,binary,30,ac_mean,abs,jobs,0.5272631715875896,0.7819548872180451
walk,2sfca,binary,30,ac_mean,abs,ratio,0.7373999801361751,0.7458646616541353
walk,2sfca,binary,30,ac_mean,rel,population,-0.5756040261954045,-0.5939849624060151
walk,2sfca,binary,30,ac_mean,rel,jobs,-0.5322390835903696,-0.46616541353383456
walk,2sfca,binary,30,ac_mean,rel,ratio,-0.006691680386283989,0.0330827067669173
walk,2sfca,gaussian,60,wt_mean,abs,rel,0.060936529978831165,0.031578947368421054
walk,2sfca,gaussian,60,wt_mean,abs,population,0.2791279578345138,0.16090225563909774
walk,2sfca,gaussian,60,wt_mean,abs,jobs,0.3810355032835473,0.45112781954887216
walk,2sfca,gaussian,60,wt_mean,abs,ratio,0.8540323818907467,0.8631578947368421
walk,2sfca,gaussian,60,wt_mean,rel,population,-0.6504254132958726,-0.9172932330827068
walk,2sfca,gaussian,60,wt_mean,rel,jobs,-0.5995696904893713,-0.8045112781954887
walk,2sfca,gaussian,60,wt_mean,rel,ratio,-0.24357098615556255,-0.19398496240601504
walk,pfca,gaussian,15,wt_mean,abs,rel,0.17025729399963405,0.15939849624060148
walk,pfca,gaussian,15,wt_mean,abs,population,0.28520278148913064,0.23759398496240602
walk,pfca,gaussian,15,wt_mean,abs,jobs,0.3789687430901251,0.5518796992481203
walk,pfca,gaussian,15,wt_mean,abs,ratio,0.902076306326673,0.9338345864661654
walk,pfca,gaussian,15,wt_mean,rel,population,-0.6295986410147073,-0.8631578947368421
walk,pfca,gaussian,15,wt_mean,rel,jobs,-0.5659093336835817,-0.6977443609022557
walk,pfca,gaussian,15,wt_mean,rel,ratio,-0.028239835631013288,-0.03458646616541353
walk,2sfca,gaussian,60,ac_median,abs,rel,0.09753896081898916,0.10225563909774436
walk,2sfca,gaussian,60,ac_median,abs,population,0.11987863719318241,0.04962406015037594
walk,2sfca,gaussian,60,ac_median,abs,jobs,0.21247574794458984,0.35037593984962406
walk,2sfca,gaussian,60,ac_median,abs,ratio,0.7675774822747619,0.793984962406015
walk,2sfca,gaussian,60,ac_median,rel,population,-0.6436865688119006,-0.930827067669173
walk,2sfca,gaussian,60,ac_median,rel,jobs,-0.6047613348218789,-0.8586466165413534
walk,2sfca,gaussian,60,ac_median,rel,ratio,-0.35462613505199064,-0.33383458646616543
walk,pfca,gaussian,30,wt_mean,abs,rel,0.13747001059006692,0.11127819548872181
walk,pfca,gaussian,30,wt_mean,abs,population,0.29364410384641326,0.27669172932330827
walk,pfca,gaussian,30,wt_mean,abs,jobs,0.394916549652578,0.5699248120300752
walk,pfca,gaussian,30,wt_mean,abs,ratio,0.8944827317126207,0.9233082706766917
walk,pfca,gaussian,30,wt_mean,rel,population,-0.6506715142428074,-0.8541353383458646
walk,pfca,gaussian,30,wt_mean,rel,jobs,-0.5864364921607806,-0.6992481203007519
walk,pfca,gaussian,30,wt_mean,rel,ratio,-0.08372581805733353,-0.02706766917293233
walk,pfca,gaussian,45,wt_mean,abs,rel,0.1415908638644443,0.11278195488721804
walk,pfca,gaussian,45,wt_mean,abs,population,0.2894104560242313,0.24962406015037594
walk,pfca,gaussian,45,wt_mean,abs,jobs,0.39064885072063,0.5368421052631579
walk,pfca,gaussian,45,wt_mean,abs,ratio,0.8881909696665881,0.8947368421052632
walk,pfca,gaussian,45,wt_mean,rel,population,-0.6491001130338401,-0.8676691729323308
walk,pfca,gaussian,45,wt_mean,rel,jobs,-0.5856554344809998,-0.718796992481203
walk,pfca,gaussian,45,wt_mean,rel,ratio,-0.09038832618823597,-0.05112781954887218
walk,pfca,gaussian,60,wt_mean,abs,rel,0.14237267721147487,0.09022556390977443
walk,pfca,gaussian,60,wt_mean,abs,population,0.2881196276547902,0.24962406015037594
walk,pfca,gaussian,60,wt_mean,abs,jobs,0.38934592474238533,0.5368421052631579
walk,pfca,gaussian,60,wt_mean,abs,ratio,0.886468897607863,0.8947368421052632
walk,pfca,gaussian,60,wt_mean,rel,population,-0.648865760934935,-0.8706766917293233
walk,pfca,gaussian,60,wt_mean,rel,jobs,-0.58568524046327,-0.7308270676691729
walk,pfca,gaussian,60,wt_mean,rel,ratio,-0.09250146006991979,-0.07518796992481204
walk,pfca,binary,60,wt_mean,abs,rel,0.1416851137768513,0.10526315789473684
walk,pfca,binary,60,wt_mean,abs,population,0.2869639306312145,0.24962406015037594
walk,pfca,binary,60,wt_mean,abs,jobs,0.38822123604995035,0.5368421052631579
walk,pfca,binary,60,wt_mean,abs,ratio,0.8861282010027187,0.8947368421052632
walk,pfca,binary,60,wt_mean,rel,population,-0.6490975253964177,-0.8616541353383459
walk,pfca,binary,60,wt_mean,rel,jobs,-0.586167457269677,-0.7218045112781954
walk,pfca,binary,60,wt_mean,rel,ratio,-0.09449726514486677,-0.06466165413533835
walk,2sfca,binary,60,wt_mean,abs,rel,0.05548769635336748,0.0015037593984962405
walk,2sfca,binary,60,wt_mean,abs,population,0.27773659441099563,0.17744360902255638
walk,2sfca,binary,60,wt_mean,abs,jobs,0.37994829302996813,0.46766917293233085
walk,2sfca,binary,60,wt_mean,abs,ratio,0.8601328872224627,0.8676691729323308
walk,2sfca,binary,60,wt_mean,rel,population,-0.6537884670734941,-0.9248120300751881
walk,2sfca,binary,60,wt_mean,rel,jobs,-0.6026078471493164,-0.8165413533834586
walk,2sfca,binary,60,wt_mean,rel,ratio,-0.24184050093047935,-0.21052631578947367
walk,pfca,gaussian,30,ac_mean,abs,rel,0.10394635572418474,0.1849624060150376
walk,pfca,gaussian,30,ac_mean,abs,population,0.4581609671574068,0.26766917293233083
walk,pfca,gaussian,30,ac_mean,abs,jobs,0.5506074337338452,0.5654135338345865
walk,pfca,gaussian,30,ac_mean,abs,ratio,0.860900317619687,0.8857142857142857
walk,pfca,gaussian,30,ac_mean,rel,population,-0.5932086536412742,-0.8090225563909774
walk,pfca,gaussian,30,ac_mean,rel,jobs,-0.5301963240622345,-0.6225563909774436
walk,pfca,gaussian,30,ac_mean,rel,ratio,-0.016532784905259678,0.042105263157894736
walk,pfca,gaussian,45,ac_mean,abs,rel,0.11794564702025605,0.1969924812030075
walk,pfca,gaussian,45,ac_mean,abs,population,0.4461868527226933,0.2706766917293233
walk,pfca,gaussian,45,ac_mean,abs,jobs,0.5396701255450709,0.5684210526315789
walk,pfca,gaussian,45,ac_mean,abs,ratio,0.8586338418247195,0.8827067669172932
walk,pfca,gaussian,45,ac_mean,rel,population,-0.59119639542936675,-0.8030075187969925
walk,pfca,gaussian,45,ac_mean,rel,jobs,-0.5279085494138634,-0.6135338345864662
walk,pfca,gaussian,45,ac_mean,rel,ratio,-0.015832861474979195,0.05864661654135339
walk,pfca,gaussian,60,ac_mean,abs,rel,0.12269897766240867,0.2030075187969925
walk,pfca,gaussian,60,ac_mean,abs,population,0.44137171959682703,0.28721804511278193
walk,pfca,gaussian,60,ac_mean,abs,jobs,0.535283262788743,0.5804511278195488
walk,pfca,gaussian,60,ac_mean,abs,ratio,0.8588294808531216,0.8902255639097745
walk,pfca,gaussian,60,ac_mean,rel,population,-0.5910763382081623,-0.7894736842105263
walk,pfca,gaussian,60,ac_mean,rel,jobs,-0.5276138040180672,-0.5984962406015037
walk,pfca,gaussian,60,ac_mean,rel,ratio,-0.014825781863235363,0.07669172932330827
walk,2sfca,binary,60,ac_median,abs,rel,0.08139199065036834,0.09473684210526316
walk,2sfca,binary,60,ac_median,abs,population,0.12541215383180956,0.05263157894736842
walk,2sfca,binary,60,ac_median,abs,jobs,0.21816069208563024,0.3518796992481203
walk,2sfca,binary,60,ac_median,abs,ratio,0.7779070118588586,0.8030075187969925
walk,2sfca,binary,60,ac_median,rel,population,-0.6464718651325462,-0.9338345864661654
walk,2sfca,binary,60,ac_median,rel,jobs,-0.6076471235607178,-0.8616541353383459
walk,2sfca,binary,60,ac_median,rel,ratio,-0.3569995856690342,-0.33082706766917297
walk,pfca,binary,60,ac_mean,abs,rel,0.12711827915297716,0.20150375939849624
walk,pfca,binary,60,ac_mean,abs,population,0.43535766060357234,0.28721804511278193
walk,pfca,binary,60,ac_mean,abs,jobs,0.529870874307641,0.5804511278195488
walk,pfca,binary,60,ac_mean,abs,ratio,0.8613427969353643,0.8902255639097745
walk,pfca,binary,60,ac_mean,rel,population,-0.5922349001033529,-0.78796992481203
walk,pfca,binary,60,ac_mean,rel,jobs,-0.5282634001319058,-0.6
walk,pfca,binary,60,ac_mean,rel,ratio,-0.011333491737918085,0.06917293233082707
walk,2sfca,gaussian,45,wt_median,abs,rel,0.0055982628389313754,-0.07218045112781954
walk,2sfca,gaussian,45,wt_median,abs,population,0.11682321607919408,0.1969924812030075
walk,2sfca,gaussian,45,wt_median,abs,jobs,0.2077500004542962,0.443609022556391
walk,2sfca,gaussian,45,wt_median,abs,ratio,0.757573033935735,0.7864661654135339
walk,2sfca,gaussian,45,wt_median,rel,population,-0.6254181155304712,-0.9112781954887218
walk,2sfca,gaussian,45,wt_median,rel,jobs,-0.5986725460280551,-0.8736842105263157
walk,2sfca,gaussian,45,wt_median,rel,ratio,-0.47401238307200205,-0.3819548872180451
walk,bfca,binary,15,wt_mean,abs,rel,0.3685428134708383,0.21954887218045113
walk,bfca,binary,15,wt_mean,abs,population,0.2015292641152609,0.10827067669172932
walk,bfca,binary,15,wt_mean,abs,jobs,0.29925254393258366,0.4075187969924812
walk,bfca,binary,15,wt_mean,abs,ratio,0.7923557049149458,0.8225563909774436
walk,bfca,binary,15,wt_mean,rel,population,-0.5691928031068544,-0.8451127819548871
walk,bfca,binary,15,wt_mean,rel,jobs,-0.5070596268216847,-0.6992481203007519
walk,bfca,binary,15,wt_mean,rel,ratio,-0.0599904536670368,-0.055639097744360905
walk,2sfca,gaussian,60,wt_median,abs,rel,-0.0068753663604166244,-0.08571428571428572
walk,2sfca,gaussian,60,wt_median,abs,population,0.11862991967407573,0.2150375939849624
walk,2sfca,gaussian,60,wt_median,abs,jobs,0.20996699436049684,0.4586466165413534
walk,2sfca,gaussian,60,wt_median,abs,ratio,0.7596892706513606,0.7804511278195488
walk,2sfca,gaussian,60,wt_median,rel,population,-0.6248699402279001,-0.9112781954887218
walk,2sfca,gaussian,60,wt_median,rel,jobs,-0.5987381657124445,-0.8736842105263157
walk,2sfca,gaussian,60,wt_median,rel,ratio,-0.4822834759956634,-0.3819548872180451
walk,pfca,gaussian,15,wt_median,abs,rel,0.006712731669929641,0.0015037593984962405
walk,pfca,gaussian,15,wt_median,abs,population,0.11313352396083129,0.21954887218045113
walk,pfca,gaussian,15,wt_median,abs,jobs,0.20273092483729532,0.4857142857142857
walk,pfca,gaussian,15,wt_median,abs,ratio,0.8461097660422148,0.8481203007518797
walk,pfca,gaussian,15,wt_median,rel,population,-0.718001827949839,-0.8977443609022556
walk,pfca,gaussian,15,wt_median,rel,jobs,-0.6733153356838183,-0.837593984962406
walk,pfca,gaussian,15,wt_median,rel,ratio,-0.3180581168334658,-0.3037593984962406
walk,pfca,binary,45,wt_mean,abs,rel,0.09339047848089904,0.031578947368421054
walk,pfca,binary,45,wt_mean,abs,population,0.28932647790861543,0.24661654135338346
walk,pfca,binary,45,wt_mean,abs,jobs,0.3908800390313087,0.5338345864661654
walk,pfca,binary,45,wt_mean,abs,ratio,0.8960807025348893,0.8977443609022556
walk,pfca,binary,45,wt_mean,rel,population,-0.660916661595247,-0.9022556390977443
walk,pfca,binary,45,wt_mean,rel,jobs,-0.6006688212815319,-0.7774436090225564
walk,pfca,binary,45,wt_mean,rel,ratio,-0.1362570502809956,-0.13834586466165413
walk,pfca,gaussian,60,wt_median,abs,rel,0.003439588245666688,-0.11879699248120301
walk,pfca,gaussian,60,wt_median,abs,population,0.12896351451914848,0.28721804511278193
walk,pfca,gaussian,60,wt_median,abs,jobs,0.21646837521919143,0.5263157894736843
walk,pfca,gaussian,60,wt_median,abs,ratio,0.7950946116997168,0.8225563909774436
walk,pfca,gaussian,60,wt_median,rel,population,-0.6779341192182144,-0.8917293233082706
walk,pfca,gaussian,60,wt_median,rel,jobs,-0.642554340591771,-0.8541353383458646
walk,pfca,gaussian,60,wt_median,rel,ratio,-0.39946583271832015,-0.35037593984962406
walk,pfca,gaussian,45,wt_median,abs,rel,0.003442553105138279,-0.05413533834586466
walk,pfca,gaussian,45,wt_median,abs,population,0.13097630044146283,0.27518796992481204
walk,pfca,gaussian,45,wt_median,abs,jobs,0.21898155731564578,0.5203007518796993
walk,pfca,gaussian,45,wt_median,abs,ratio,0.803073073940386,0.82556390977443606
walk,pfca,gaussian,45,wt_median,rel,population,-0.6839859615249122,-0.8766917293233083
walk,pfca,gaussian,45,wt_median,rel,jobs,-0.6469542962991811,-0.8195488721804511
walk,pfca,gaussian,45,wt_median,rel,ratio,-0.3864805653563571,-0.2857142857142857
walk,pfca,gaussian,30,wt_median,abs,rel,0.007926321580643578,-0.08721804511278196
walk,pfca,gaussian,30,wt_median,abs,population,0.12176448286437333,0.23458646616541357
walk,pfca,gaussian,30,wt_median,abs,jobs,0.21153351586867877,0.4857142857142857
walk,pfca,gaussian,30,wt_median,abs,ratio,0.8152624379608239,0.8240601503759398
walk,pfca,gaussian,30,wt_median,rel,population,-0.6954780153429498,-0.8977443609022556
walk,pfca,gaussian,30,wt_median,rel,jobs,-0.6556708509934079,-0.8601503759398496
walk,pfca,gaussian,30,wt_median,rel,ratio,-0.3692937969133524,-0.36390977443609024
walk,2sfca,binary,45,wt_mean,abs,rel,0.034455610128135944,-0.048120300751879695
walk,2sfca,binary,45,wt_mean,abs,population,0.26810486323438587,0.18947368421052632
walk,2sfca,binary,45,wt_mean,abs,jobs,0.37085313770027944,0.4781954887218045
walk,2sfca,binary,45,wt_mean,abs,ratio,0.8704499910381658,0.8646616541353384
walk,2sfca,binary,45,wt_mean,rel,population,-0.6617950234505455,-0.9383458646616543
walk,2sfca,binary,45,wt_mean,rel,jobs,-0.6115967063846124,-0.8451127819548871
walk,2sfca,binary,45,wt_mean,rel,ratio,-0.2565726178109931,-0.2646616541353384
walk,pfca,binary,60,wt_median,abs,rel,0.006529638240740272,-0.07518796992481204
walk,pfca,binary,60,wt_median,abs,population,0.12488725231083625,0.243609022556391
walk,pfca,binary,60,wt_median,abs,jobs,0.21285605684433917,0.49774436090225566
walk,pfca,binary,60,wt_median,abs,ratio,0.7936462915123644,0.8300751879699249
walk,pfca,binary,60,wt_median,rel,population,-0.6750928150133364,-0.9067669172932331
walk,pfca,binary,60,wt_median,rel,jobs,-0.6401038730803295,-0.8511278195488722
walk,pfca,binary,60,wt_median,rel,ratio,-0.4019071860170787,-0.32030075187969925
walk,pfca,gaussian,60,ac_median,abs,rel,0.17815729627760624,0.17142857142857143
walk,pfca,gaussian,60,ac_median,abs,population,0.32610208644518074,0.31278195488721805
walk,pfca,gaussian,60,ac_median,abs,jobs,0.3942052712777016,0.5308270676691729
walk,pfca,gaussian,60,ac_median,abs,ratio,0.6936030771327254,0.6390977443609023
walk,pfca,gaussian,60,ac_median,rel,population,-0.5940466419951637,-0.7984962406015037
walk,pfca,gaussian,60,ac_median,rel,jobs,-0.5486522532664432,-0.6736842105263158
walk,pfca,gaussian,60,ac_median,rel,ratio,-0.17342186642637666,-0.18646616541353384
walk,pfca,gaussian,45,ac_median,abs,rel,0.1861972613558041,0.16390977443609023
walk,pfca,gaussian,45,ac_median,abs,population,0.32772115094709625,0.31278195488721805
walk,pfca,gaussian,45,ac_median,abs,jobs,0.3957710217869682,0.5308270676691729
walk,pfca,gaussian,45,ac_median,abs,ratio,0.6941586129164291,0.6390977443609023
walk,pfca,gaussian,45,ac_median,rel,population,-0.5901683163130578,-0.806015037593985
walk,pfca,gaussian,45,ac_median,rel,jobs,-0.5443310393977474,-0.6781954887218045
walk,pfca,gaussian,45,ac_median,rel,ratio,-0.16399718928198032,-0.18195488721804512
walk,pfca,gaussian,15,ac_median,abs,rel,0.2807429471882007,0.33082706766917297
walk,pfca,gaussian,15,ac_median,abs,population,0.3360566815976139,0.32932330827067674
walk,pfca,gaussian,15,ac_median,abs,jobs,0.403243023609203,0.5428571428571428
walk,pfca,gaussian,15,ac_median,abs,ratio,0.6990417795503613,0.6360902255639098
walk,pfca,gaussian,15,ac_median,rel,population,-0.5388568283967825,-0.6616541353383459
walk,pfca,gaussian,15,ac_median,rel,jobs,-0.49100786361691373,-0.524812030075188
walk,pfca,gaussian,15,ac_median,rel,ratio,-0.06666968322343834,-0.09323308270676692
walk,pfca,binary,45,ac_mean,abs,rel,0.035548062744444435,0.12030075187969924
walk,pfca,binary,45,ac_mean,abs,population,0.46248258756973637,0.2857142857142857
walk,pfca,binary,45,ac_mean,abs,jobs,0.551932821985466,0.5849624060150376
walk,pfca,binary,45,ac_mean,abs,ratio,0.886847336476389,0.9022556390977443
walk,pfca,binary,45,ac_mean,rel,population,-0.6195432594369671,-0.8225563909774436
walk,pfca,binary,45,ac_mean,rel,jobs,-0.5588080335823397,-0.6511278195488722
walk,pfca,binary,45,ac_mean,rel,ratio,-0.03445503076577967,-0.013533834586466165
walk,pfca,gaussian,30,ac_median,abs,rel,0.19546238610476374,0.18947368421052632
walk,pfca,gaussian,30,ac_median,abs,population,0.33466160024310077,0.2857142857142857
walk,pfca,gaussian,30,ac_median,abs,jobs,0.4027734691401686,0.5082706766917293
walk,pfca,gaussian,30,ac_median,abs,ratio,0.6987453776780552,0.6330827067669174
walk,pfca,gaussian,30,ac_median,rel,population,-0.5846759933865487,-0.793984962406015
walk,pfca,gaussian,30,ac_median,rel,jobs,-0.5378407456897607,-0.6706766917293233
walk,pfca,gaussian,30,ac_median,rel,ratio,-0.14463176855082258,-0.17293233082706766
walk,pfca,binary,60,ac_median,abs,rel,0.16954167065068856,0.17142857142857143
walk,pfca,binary,60,ac_median,abs,population,0.3251826951279348,0.31278195488721805
walk,pfca,binary,60,ac_median,abs,jobs,0.39350845784112354,0.5308270676691729
walk,pfca,binary,60,ac_median,abs,ratio,0.693142934674149,0.6390977443609023
walk,pfca,binary,60,ac_median,rel,population,-0.5939310909147767,-0.7984962406015037
walk,pfca,binary,60,ac_median,rel,jobs,-0.5496365759987437,-0.6736842105263158
walk,pfca,binary,60,ac_median,rel,ratio,-0.18750243079037612,-0.18646616541353384
walk,2sfca,binary,15,ac_mean,abs,rel,0.24078258340208147,0.10075187969924812
walk,2sfca,binary,15,ac_mean,abs,population,0.4459655865046618,0.6676691729323309
walk,2sfca,binary,15,ac_mean,abs,jobs,0.45287780883063816,0.7428571428571429
walk,2sfca,binary,15,ac_mean,abs,ratio,0.6075755846135477,0.6330827067669174
walk,2sfca,binary,15,ac_mean,rel,population,-0.5213411107703136,-0.5533834586466165
walk,2sfca,binary,15,ac_mean,rel,jobs,-0.4924335698737787,-0.4857142857142857
walk,2sfca,binary,15,ac_mean,rel,ratio,-0.025529934853985106,-0.09624060150375939
walk,2sfca,binary,60,wt_median,abs,rel,-0.016923710725471604,-0.09774436090225563
walk,2sfca,binary,60,wt_median,abs,population,0.12046992854326727,0.2
walk,2sfca,binary,60,wt_median,abs,jobs,0.21127193601057168,0.45714285714285713
walk,2sfca,binary,60,wt_median,abs,ratio,0.7577142770861741,0.7924812030075188
walk,2sfca,binary,60,wt_median,rel,population,-0.6220810033171714,-0.9112781954887218
walk,2sfca,binary,60,wt_median,rel,jobs,-0.5972319322136573,-0.8751879699248121
walk,2sfca,binary,60,wt_median,rel,ratio,-0.4935569997707326,-0.3804511278195489
walk,2sfca,binary,45,ac_median,abs,rel,0.05402664189601587,0.04060150375939849
walk,2sfca,binary,45,ac_median,abs,population,0.16808119977526123,0.09624060150375939
walk,2sfca,binary,45,ac_median,abs,jobs,0.2617577402298448,0.3954887218045113
walk,2sfca,binary,45,ac_median,abs,ratio,0.8060047632016897,0.8270676691729323
walk,2sfca,binary,45,ac_median,rel,population,-0.6507487561913102,-0.9533834586466167
walk,2sfca,binary,45,ac_median,rel,jobs,-0.6108319001834902,-0.8646616541353384
walk,2sfca,binary,45,ac_median,rel,ratio,-0.3423611763189387,-0.32030075187969925
walk,pfca,binary,30,ac_mean,abs,rel,0.17344267711878972,0.22556390977443608
walk,pfca,binary,30,ac_mean,abs,population,0.3841261926539156,0.4556390977443609
walk,pfca,binary,30,ac_mean,abs,jobs,0.43573005307345175,0.6842105263157894
walk,pfca,binary,30,ac_mean,abs,ratio,0.7044984934943127,0.8285714285714286
walk,pfca,binary,30,ac_mean,rel,population,-0.599317059362112,-0.643609022556391
walk,pfca,binary,30,ac_mean,rel,jobs,-0.5500326766823621,-0.48120300751879697
walk,pfca,binary,30,ac_mean,rel,ratio,-0.023087747941797333,0.02857142857142857
walk,pfca,binary,45,wt_median,abs,rel,-0.0040254256601688215,-0.1518796992481203
walk,pfca,binary,45,wt_median,abs,population,0.09900569482264292,0.1969924812030075
walk,pfca,binary,45,wt_median,abs,jobs,0.19491697059929902,0.4706766917293233
walk,pfca,binary,45,wt_median,abs,ratio,0.8366933604784375,0.8571428571428571
walk,pfca,binary,45,wt_median,rel,population,-0.7072653463631631,-0.9488721804511278
walk,pfca,binary,45,wt_median,rel,jobs,-0.6657955868078117,-0.9052631578947369
walk,pfca,binary,45,wt_median,rel,ratio,-0.37269869461830113,-0.4030075187969925
walk,bfca,binary,15,ac_median,abs,rel,0.27953484280881113,0.25112781954887214
walk,bfca,binary,15,ac_median,abs,population,0.29809270819255007,0.10526315789473684
walk,bfca,binary,15,ac_median,abs,jobs,0.39034143570851904,0.393984962406015
walk,bfca,binary,15,ac_median,abs,ratio,0.7721073319625308,0.7548872180451128
walk,bfca,binary,15,ac_median,rel,population,-0.5603929023594825,-0.8601503759398496
walk,bfca,binary,15,ac_median,rel,jobs,-0.5060692113131137,-0.7172932330827068
walk,bfca,binary,15,ac_median,rel,ratio,-0.10931877352573527,-0.13834586466165413
walk,pfca,binary,45,ac_median,abs,rel,0.19062503815392412,0.17593984962406015
walk,pfca,binary,45,ac_median,abs,population,0.324192626662449,0.2736842105263158
walk,pfca,binary,45,ac_median,abs,jobs,0.3967497482839021,0.49774436090225566
walk,pfca,binary,45,ac_median,abs,ratio,0.7162320205605585,0.6240601503759399
walk,pfca,binary,45,ac_median,rel,population,-0.5870606336031766,-0.8195488721804511
walk,pfca,binary,45,ac_median,rel,jobs,-0.5389243959296245,-0.7007518796992481
walk,pfca,binary,45,ac_median,rel,ratio,-0.14720265581817177,-0.2075187969924812
walk,pfca,binary,30,wt_mean,abs,rel,0.04805703880000418,0.012030075187969924
walk,pfca,binary,30,wt_mean,abs,population,0.2907869566864012,0.22105263157894736
walk,pfca,binary,30,wt_mean,abs,jobs,0.3926273015207661,0.5383458646616541
walk,pfca,binary,30,wt_mean,abs,ratio,0.9113256769735251,0.9353383458646617
walk,pfca,binary,30,wt_mean,rel,population,-0.6726417145915995,-0.9218045112781955
walk,pfca,binary,30,wt_mean,rel,jobs,-0.614486353375314,-0.7924812030075188
walk,pfca,binary,30,wt_mean,rel,ratio,-0.1675625005870733,-0.16691729323308271
walk,2sfca,binary,30,wt_mean,abs,rel,0.020441325998184486,-0.004511278195488721
walk,2sfca,binary,30,wt_mean,abs,population,0.26501052177100853,0.13834586466165413
walk,2sfca,binary,30,wt_mean,abs,jobs,0.36745144146225617,0.44511278195488724
walk,2sfca,binary,30,wt_mean,abs,ratio,0.8857957908018375,0.8706766917293233
walk,2sfca,binary,30,wt_mean,rel,population,-0.6695125198131799,-0.9443609022556392
walk,2sfca,binary,30,wt_mean,rel,jobs,-0.6191423970654781,-0.8451127819548871
walk,2sfca,binary,30,wt_mean,rel,ratio,-0.25429039050611846,-0.26165413533834586
walk,2sfca,binary,45,wt_median,abs,rel,-0.06467712828977802,-0.10526315789473684
walk,2sfca,binary,45,wt_median,abs,population,0.13998499226750338,0.16691729323308271
walk,2sfca,binary,45,wt_median,abs,jobs,0.23309739880765085,0.4496240601503759
walk,2sfca,binary,45,wt_median,abs,ratio,0.7826539384758634,0.8180451127819549
walk,2sfca,binary,45,wt_median,rel,population,-0.6384451547137002,-0.9413533834586466
walk,2sfca,binary,45,wt_median,rel,jobs,-0.6121311953359937,-0.8962406015037594
walk,2sfca,binary,45,wt_median,rel,ratio,-0.49797891754086115,-0.37894736842105264
walk,bfca,binary,15,wt_median,abs,rel,0.3266734269295883,0.2571428571428571
walk,bfca,binary,15,wt_median,abs,population,0.11642222687952584,0.05714285714285714
walk,bfca,binary,15,wt_median,abs,jobs,0.20916005032540036,0.356390977443609
walk,bfca,binary,15,wt_median,abs,ratio,0.7417352679639657,0.7804511278195488
walk,bfca,binary,15,wt_median,rel,population,-0.5748656146169282,-0.8616541353383459
walk,bfca,binary,15,wt_median,rel,jobs,-0.5259921707028606,-0.7518796992481203
walk,bfca,binary,15,wt_median,rel,ratio,-0.2123126139669725,-0.17293233082706766
walk,2sfca,binary,30,ac_median,abs,rel,0.01661209435503431,-0.009022556390977442
walk,2sfca,binary,30,ac_median,abs,population,0.20195748984859654,0.11578947368421051
walk,2sfca,binary,30,ac_median,abs,jobs,0.29701344871982727,0.406015037593985
walk,2sfca,binary,30,ac_median,abs,ratio,0.8271730826911534,0.837593984962406
walk,2sfca,binary,30,ac_median,rel,population,-0.654146405803085,-0.9699248120300752
walk,2sfca,binary,30,ac_median,rel,jobs,-0.6149784444429824,-0.881203007518797
walk,2sfca,binary,30,ac_median,rel,ratio,-0.3501049802287093,-0.32631578947368417
walk,pfca,binary,15,ac_mean,abs,rel,0.38848406146916675,0.33834586466165417
walk,pfca,binary,15,ac_mean,abs,population,0.3659810035817425,0.5278195488721804
walk,pfca,binary,15,ac_mean,abs,jobs,0.3825010153401204,0.6360902255639098
walk,pfca,binary,15,ac_mean,abs,ratio,0.5599699763873515,0.5909774436090226
walk,pfca,binary,15,ac_mean,rel,population,-0.48964322604092764,-0.487218045112782
walk,pfca,binary,15,ac_mean,rel,jobs,-0.4635816501871582,-0.4300751879699248
walk,pfca,binary,15,ac_mean,rel,ratio,-0.04218430621239689,-0.08571428571428572
walk,pfca,binary,30,wt_median,abs,rel,-0.05083314623066443,-0.14285714285714285
walk,pfca,binary,30,wt_median,abs,population,0.11944498525253781,0.19849624060150375
walk,pfca,binary,30,wt_median,abs,jobs,0.2163785848520915,0.48872180451127817
walk,pfca,binary,30,wt_median,abs,ratio,0.8635143304725368,0.8796992481203008
walk,pfca,binary,30,wt_median,rel,population,-0.7080912577995018,-0.956390977443609
walk,pfca,binary,30,wt_median,rel,jobs,-0.6668477276705066,-0.9037593984962407
walk,pfca,binary,30,wt_median,rel,ratio,-0.37736313715001585,-0.368421052631579
walk,pfca,binary,30,ac_median,abs,rel,0.1814947913770634,0.19548872180451127
walk,pfca,binary,30,ac_median,abs,population,0.3614223612145602,0.3067669172932331
walk,pfca,binary,30,ac_median,abs,jobs,0.4299342575018621,0.5383458646616541
walk,pfca,binary,30,ac_median,abs,ratio,0.716170289917439,0.6857142857142857
walk,pfca,binary,30,ac_median,rel,population,-0.5711455209689978,-0.7699248120300751
walk,pfca,binary,30,ac_median,rel,jobs,-0.5248316307118448,-0.6541353383458647
walk,pfca,binary,30,ac_median,rel,ratio,-0.14334326249499088,-0.19097744360902255
walk,2sfca,binary,30,wt_median,abs,rel,-0.08051466328649591,-0.11578947368421051
walk,2sfca,binary,30,wt_median,abs,population,0.15257030574138597,0.14887218045112782
walk,2sfca,binary,30,wt_median,abs,jobs,0.24546586784128918,0.443609022556391
walk,2sfca,binary,30,wt_median,abs,ratio,0.8030234002648978,0.8210526315789474
walk,2sfca,binary,30,wt_median,rel,population,-0.6405729091822348,-0.9473684210526315
walk,2sfca,binary,30,wt_median,rel,jobs,-0.6129551690257266,-0.912781954887218
walk,2sfca,binary,30,wt_median,rel,ratio,-0.4850301534535488,-0.4150375939849624
walk,pfca,binary,15,wt_mean,abs,rel,0.02810686121348291,-0.018045112781954885
walk,pfca,binary,15,wt_mean,abs,population,0.2857041471178963,0.2150375939849624
walk,pfca,binary,15,wt_mean,abs,jobs,0.38535693890645356,0.5308270676691729
walk,pfca,binary,15,wt_mean,abs,ratio,0.9123487678747401,0.9368421052631579
walk,pfca,binary,15,wt_mean,rel,population,-0.6762013527482758,-0.9323308270676691
walk,pfca,binary,15,wt_mean,rel,jobs,-0.6203813278148513,-0.81203007518797
walk,pfca,binary,15,wt_mean,rel,ratio,-0.1922349095069438,-0.1969924812030075
walk,2sfca,binary,15,wt_mean,abs,rel,0.020204809038297494,-0.007518796992481203
walk,2sfca,binary,15,wt_mean,abs,population,0.25700519507952413,0.10827067669172932
walk,2sfca,binary,15,wt_mean,abs,jobs,0.358458663727389,0.4255639097744361
walk,2sfca,binary,15,wt_mean,abs,ratio,0.8868274419758192,0.8827067669172932
walk,2sfca,binary,15,wt_mean,rel,population,-0.6661647126812189,-0.9548872180451127
walk,2sfca,binary,15,wt_mean,rel,jobs,-0.616934060114581,-0.8601503759398496
walk,2sfca,binary,15,wt_mean,rel,ratio,-0.2664124563711449,-0.281203007518797
walk,2sfca,binary,15,ac_median,abs,rel,-0.04058581169064041,-0.007518796992481203
walk,2sfca,binary,15,ac_median,abs,population,0.2712922175291868,0.1518796992481203
walk,2sfca,binary,15,ac_median,abs,jobs,0.36780576170092705,0.4330827067669173
walk,2sfca,binary,15,ac_median,abs,ratio,0.8617105017892296,0.8421052631578947
walk,2sfca,binary,15,ac_median,rel,population,-0.6599986677928753,-0.9533834586466167
walk,2sfca,binary,15,ac_median,rel,jobs,-0.6197272114249857,-0.8691729323308272
walk,2sfca,binary,15,ac_median,rel,ratio,-0.3375442485056666,-0.32481203007518794
walk,pfca,binary,15,wt_median,abs,rel,0.08214566205339628,0.13082706766917293
walk,pfca,binary,15,wt_median,abs,population,0.14554238258710914,0.09172932330827069
walk,pfca,binary,15,wt_median,abs,jobs,0.24165271974177,0.40150375939849625
walk,pfca,binary,15,wt_median,abs,ratio,0.8313452668720123,0.8586466165413534
walk,pfca,binary,15,wt_median,rel,population,-0.6612442605204344,-0.8902255639097745
walk,pfca,binary,15,wt_median,rel,jobs,-0.6158379716145133,-0.7984962406015037
walk,pfca,binary,15,wt_median,rel,ratio,-0.30931302510928194,-0.243609022556391
walk,pfca,binary,15,ac_median,abs,rel,0.2500981344395724,0.32631578947368417
walk,pfca,binary,15,ac_median,abs,population,0.3785792230936213,0.28872180451127816
walk,pfca,binary,15,ac_median,abs,jobs,0.453137232124932,0.5233082706766917
walk,pfca,binary,15,ac_median,abs,ratio,0.7467277522462321,0.687218045112782
walk,pfca,binary,15,ac_median,rel,population,-0.5445664618970756,-0.718796992481203
walk,pfca,binary,15,ac_median,rel,jobs,-0.4899726498083477,-0.5443609022556392
walk,pfca,binary,15,ac_median,rel,ratio,-0.04191926806784378,-0.022556390977443608
walk,2sfca,binary,15,wt_median,abs,rel,0.02463026584886207,0.0330827067669173
walk,2sfca,binary,15,wt_median,abs,population,0.15226679408758861,0.11428571428571428
walk,2sfca,binary,15,wt_median,abs,jobs,0.24773005806411663,0.43157894736842106
walk,2sfca,binary,15,wt_median,abs,ratio,0.8063954138587826,0.8511278195488722
walk,2sfca,binary,15,wt_median,rel,population,-0.6256728676506192,-0.9353383458646617
walk,2sfca,binary,15,wt_median,rel,jobs,-0.5925088161672601,-0.8586466165413534
walk,2sfca,binary,15,wt_median,rel,ratio,-0.4142367959465725,-0.3112781954887218
